label,area,perimeter,solidity,corners,area_size,size_normalized,corners_normalized,width,height,perfect_area,width_to_height_ratio,area_normalized,category
1,8303.63,471.2,0.9605852603975619,228,10,4923.23,5.7,93.25,97.14,100,0.9598930481283422,83.0363,NO_CATEGORY
2,9584.28,463.13,0.9702133689830442,204,10,5682.53,5.1,114.68,100.52,100,1.1408268733850129,95.84280000000001,NO_CATEGORY
3,11784.65,528.23,0.9685205489705762,266,10,6987.13,6.65,144.29,94.42,100,1.5281980742778543,117.84649999999999,NO_CATEGORY
4,2769.48,324.06,0.8296223316912972,155,10,1642.03,3.875,60.13,74.55,100,0.8066202090592335,27.6948,NO_CATEGORY
5,135.3,64.5,0.8652788264480639,26,10,80.22,0.65,13.64,16.36,100,0.8333333333333334,1.3530000000000002,NO_CATEGORY
