label,area,perimeter,solidity,corners,area_size,size_normalized,corners_normalized,width,height,perfect_area,width_to_height_ratio,area_normalized,category
1,1521.18,36.71,0.9164168791976995,144,80,14.09234375,0.45,9.18,3.29,6400,2.7897435897435896,0.237684375,NO_CATEGORY
2,807.35,32.42,0.8819530170428374,113,80,7.479375,0.353125,6.0,3.39,6400,1.771144278606965,0.12614843750000002,NO_CATEGORY
3,927.3,32.95,0.901754961456454,138,80,8.590625,0.43125,7.52,3.02,6400,2.4916201117318435,0.144890625,NO_CATEGORY
4,2546.78,33.95,0.9409678947106037,134,80,23.59359375,0.41875,6.76,7.42,6400,0.9113636363636364,0.397934375,NO_CATEGORY
5,10548.3,66.18,0.9597477134614204,257,80,97.7203125,0.803125,20.93,10.93,6400,1.9151234567901234,1.6481718749999998,NO_CATEGORY
6,3453.44,36.74,0.9450128998610784,122,80,31.99296875,0.38125,7.34,9.46,6400,0.7754010695187166,0.5396,NO_CATEGORY
