label,area,perimeter,solidity,corners,area_size,size_normalized,corners_normalized,width,height,perfect_area,width_to_height_ratio,area_normalized,category
1,5.4,2.09,0.6464646464646465,9,90,0.03950617283950617,0.025,0.62,0.49,8100,1.2758620689655173,0.0006666666666666668,NO_CATEGORY
2,1015.95,42.39,0.894983953405444,145,90,7.436543209876543,0.4027777777777778,8.58,3.19,8100,2.693121693121693,0.12542592592592594,NO_CATEGORY
3,219.97,12.76,0.8046147202171633,63,90,1.6101234567901235,0.175,3.66,3.22,8100,1.1361256544502618,0.02715679012345679,NO_CATEGORY
4,6823.97,55.26,0.9675301072286046,201,90,49.949876543209875,0.5583333333333333,11.52,10.84,8100,1.062208398133748,0.8424654320987655,NO_CATEGORY
5,6720.56,50.44,0.9583574849017622,172,90,49.192962962962966,0.4777777777777778,11.2,12.11,8100,0.924791086350975,0.8296987654320989,NO_CATEGORY
6,1365.66,33.89,0.8787332870289981,126,90,9.996296296296297,0.35,3.02,11.94,8100,0.2528248587570621,0.1686,NO_CATEGORY
